Customer Name,Rating,Comment Tag,Review
frontech ecam,5,Brilliant,"Amazing Camera , performance and software optimisation. 
Full Pow...more"
Flipkart Customer,5,Classy product,"Samsung Galaxy S25 is Powerful Phone 📱 
I'm Very Happy 😊 
Camer...more"
Haraprasad Mahapatra,5,Highly recommended,Beyond Expectation. Top notch performance. No heating issue. Batt...more
Sai Krishna Kumar,5,Fabulous!,Just loving it. the mobile in hand feels very nice. very good use...more
Samir Pattnaik,5,Great product,"A compact Phone with beast performance, great camera and a decent...more"
Naveen Vatpally,5,Super!,S25 is much better than I phone 16 with respect  to camera clarit...more
Satyajit Mohanty,5,Perfect product!,Snapdragon 8 elite with UFS 4 storage is ultra fast. 75mb applica...more
Shreyas  Achar,5,Highly recommended,"The camera captures vibrant, sharp photos, even in low light. The...more"
